-- ============================================================
-- SEED DATA — Weekend Warriors Golf League
-- Run this after all migrations in a fresh Supabase project.
-- Admin user must be created separately via Supabase Auth Dashboard.
-- ============================================================

-- ── League ────────────────────────────────────────────────────────
INSERT INTO leagues (id, name, season_year) VALUES
  ('11111111-0000-0000-0000-000000000001', 'Weekend Warriors', 2024)
ON CONFLICT (id) DO NOTHING;

-- ── Course ────────────────────────────────────────────────────────
-- Torrey Pines South (par 72, slope 144, rating 74.6)
INSERT INTO courses (id, name, slope, rating, par, par_per_hole, hole_type, yardage, stroke_index)
VALUES (
  '22222222-0000-0000-0000-000000000001',
  'Torrey Pines South',
  144, 74.6, 72,
  ARRAY[4,4,3,4,4,3,4,5,5,4,4,3,5,4,3,4,5,4],
  ARRAY['par4','par4','par3','par4','par4','par3','par4','par5','par5','par4','par4','par3','par5','par4','par3','par4','par5','par4'],
  ARRAY[452,388,196,490,486,148,442,566,515,415,395,178,558,371,173,370,510,450],
  ARRAY[3,9,15,7,1,17,11,5,13,6,14,18,2,10,16,12,4,8]
)
ON CONFLICT (id) DO NOTHING;

-- ── Players ───────────────────────────────────────────────────────
INSERT INTO players (id, first_name, last_name, email) VALUES
  ('aaaaaaaa-0000-0000-0000-000000000001', 'Tony',   'Alvarez',   'tony@example.com'),
  ('aaaaaaaa-0000-0000-0000-000000000002', 'Dave',   'Kowalski',  'dave@example.com'),
  ('aaaaaaaa-0000-0000-0000-000000000003', 'Bob',    'Nguyen',    'bob@example.com'),
  ('aaaaaaaa-0000-0000-0000-000000000004', 'Sarah',  'Okonkwo',   'sarah@example.com'),
  ('aaaaaaaa-0000-0000-0000-000000000005', 'Mike',   'Reyes',     'mike@example.com'),
  ('aaaaaaaa-0000-0000-0000-000000000006', 'Lisa',   'Thornton',  'lisa@example.com'),
  ('aaaaaaaa-0000-0000-0000-000000000007', 'Carlos', 'Mendez',    'carlos@example.com'),
  ('aaaaaaaa-0000-0000-0000-000000000008', 'Jen',    'Park',      'jen@example.com')
ON CONFLICT (id) DO NOTHING;

-- ── Event ─────────────────────────────────────────────────────────
-- Event 1: active, net stroke, 8:00 AM shotgun start
INSERT INTO events (id, league_id, course_id, event_number, event_date, entry_fee, status, format, start_time, tee_time_interval_mins, payout_config)
VALUES (
  '33333333-0000-0000-0000-000000000001',
  '11111111-0000-0000-0000-000000000001',
  '22222222-0000-0000-0000-000000000001',
  1,
  '2024-06-15',
  30.00,
  'active',
  'net_stroke',
  '08:00:00',
  10,
  '{
    "18_net_a_1st": 0.12, "18_net_a_2nd": 0.06, "18_net_a_3rd": 0.03,
    "18_net_b_1st": 0.12, "18_net_b_2nd": 0.06, "18_net_b_3rd": 0.03,
    "f9_a_1st": 0.04,     "f9_a_2nd": 0.02,
    "f9_b_1st": 0.04,     "f9_b_2nd": 0.02,
    "b9_a_1st": 0.04,     "b9_a_2nd": 0.02,
    "b9_b_1st": 0.04,     "b9_b_2nd": 0.02,
    "low_putts": 0.05,
    "long_drive": 0.03,
    "skins_a": 0.08,
    "skins_b": 0.08,
    "ctp_3": 0.03,
    "ctp_6": 0.03,
    "ctp_12": 0.03,
    "ctp_15": 0.03
  }'
)
ON CONFLICT (id) DO NOTHING;

-- Event 2: upcoming, ryder_cup format (to demo format field)
INSERT INTO events (id, league_id, course_id, event_number, event_date, entry_fee, status, format, start_time, tee_time_interval_mins, payout_config)
VALUES (
  '33333333-0000-0000-0000-000000000002',
  '11111111-0000-0000-0000-000000000001',
  '22222222-0000-0000-0000-000000000001',
  2,
  '2024-06-29',
  30.00,
  'upcoming',
  'ryder_cup',
  '07:30:00',
  10,
  '{}'
)
ON CONFLICT (id) DO NOTHING;

-- ── Event Players ─────────────────────────────────────────────────
-- Course Handicap = ROUND((HI × 144/113) + (74.6 − 72))
-- Group 1: Tony(A), Dave(A), Bob(B), Sarah(B) — Tony is scorekeeper
-- Group 2: Mike(A), Lisa(A), Carlos(B), Jen(B) — Mike is scorekeeper

INSERT INTO event_players (id, event_id, player_id, handicap_index, adjusted_handicap_index, course_handicap, tournament_wins_prior, flight, group_number, is_scorekeeper)
VALUES
  -- Group 1
  ('bbbbbbbb-0000-0000-0000-000000000001', '33333333-0000-0000-0000-000000000001', 'aaaaaaaa-0000-0000-0000-000000000001',  5.2,  5.2,  9, 0, 'A', 1, true),
  ('bbbbbbbb-0000-0000-0000-000000000002', '33333333-0000-0000-0000-000000000001', 'aaaaaaaa-0000-0000-0000-000000000002', 11.1, 11.1, 17, 0, 'A', 1, false),
  ('bbbbbbbb-0000-0000-0000-000000000003', '33333333-0000-0000-0000-000000000001', 'aaaaaaaa-0000-0000-0000-000000000003', 15.3, 15.3, 22, 0, 'B', 1, false),
  ('bbbbbbbb-0000-0000-0000-000000000004', '33333333-0000-0000-0000-000000000001', 'aaaaaaaa-0000-0000-0000-000000000004', 18.7, 18.7, 26, 0, 'B', 1, false),
  -- Group 2
  ('bbbbbbbb-0000-0000-0000-000000000005', '33333333-0000-0000-0000-000000000001', 'aaaaaaaa-0000-0000-0000-000000000005',  8.4,  8.4, 13, 0, 'A', 2, true),
  ('bbbbbbbb-0000-0000-0000-000000000006', '33333333-0000-0000-0000-000000000001', 'aaaaaaaa-0000-0000-0000-000000000006', 12.8, 12.8, 19, 0, 'A', 2, false),
  ('bbbbbbbb-0000-0000-0000-000000000007', '33333333-0000-0000-0000-000000000001', 'aaaaaaaa-0000-0000-0000-000000000007', 21.4, 21.4, 30, 0, 'B', 2, false),
  ('bbbbbbbb-0000-0000-0000-000000000008', '33333333-0000-0000-0000-000000000001', 'aaaaaaaa-0000-0000-0000-000000000008', 24.9, 24.9, 34, 0, 'B', 2, false)
ON CONFLICT (id) DO NOTHING;

-- ── Scores ────────────────────────────────────────────────────────
-- Group 1 has 15 holes entered, Group 2 has 12 holes.
-- Par per hole: 4,4,3,4,4,3,4,5,5 | 4,4,3,5,4,3,4,5,4
-- SI:           3,9,15,7,1,17,11,5,13 | 6,14,18,2,10,16,12,4,8
--
-- Tony (CH=9): Gets stroke on holes where SI≤9: holes 1,2,4,5,8,10,13,17,18
-- Dave (CH=17): Gets stroke on holes where SI≤17: all except hole 6 (SI=17 ok) and hole 12(SI=18 no)
--   Actually SI≤17: holes 1,2,3,4,5,7,8,9,10,11,13,14,16,17,18 = 15 holes → double stroke on first 17-18=−1 holes
--   Full strokes = floor(17/18)=0, remainder=17 → stroke on SI≤17: all except hole 12 (SI=18)

-- Scores — Tony (Flight A, CH=9, target ~+8 gross over 18)
INSERT INTO scores (event_id, player_id, hole_number, gross_score, putts) VALUES
  ('33333333-0000-0000-0000-000000000001','aaaaaaaa-0000-0000-0000-000000000001', 1,5,2),
  ('33333333-0000-0000-0000-000000000001','aaaaaaaa-0000-0000-0000-000000000001', 2,4,2),
  ('33333333-0000-0000-0000-000000000001','aaaaaaaa-0000-0000-0000-000000000001', 3,3,1),
  ('33333333-0000-0000-0000-000000000001','aaaaaaaa-0000-0000-0000-000000000001', 4,4,2),
  ('33333333-0000-0000-0000-000000000001','aaaaaaaa-0000-0000-0000-000000000001', 5,5,2),
  ('33333333-0000-0000-0000-000000000001','aaaaaaaa-0000-0000-0000-000000000001', 6,3,2),
  ('33333333-0000-0000-0000-000000000001','aaaaaaaa-0000-0000-0000-000000000001', 7,4,2),
  ('33333333-0000-0000-0000-000000000001','aaaaaaaa-0000-0000-0000-000000000001', 8,5,2),
  ('33333333-0000-0000-0000-000000000001','aaaaaaaa-0000-0000-0000-000000000001', 9,5,2),
  ('33333333-0000-0000-0000-000000000001','aaaaaaaa-0000-0000-0000-000000000001',10,4,1),
  ('33333333-0000-0000-0000-000000000001','aaaaaaaa-0000-0000-0000-000000000001',11,4,2),
  ('33333333-0000-0000-0000-000000000001','aaaaaaaa-0000-0000-0000-000000000001',12,3,2),
  ('33333333-0000-0000-0000-000000000001','aaaaaaaa-0000-0000-0000-000000000001',13,6,3),
  ('33333333-0000-0000-0000-000000000001','aaaaaaaa-0000-0000-0000-000000000001',14,4,2),
  ('33333333-0000-0000-0000-000000000001','aaaaaaaa-0000-0000-0000-000000000001',15,3,1)
ON CONFLICT (event_id, player_id, hole_number) DO NOTHING;

-- Dave (Flight A, CH=17, target ~+16 gross)
INSERT INTO scores (event_id, player_id, hole_number, gross_score, putts) VALUES
  ('33333333-0000-0000-0000-000000000001','aaaaaaaa-0000-0000-0000-000000000002', 1,5,2),
  ('33333333-0000-0000-0000-000000000001','aaaaaaaa-0000-0000-0000-000000000002', 2,5,3),
  ('33333333-0000-0000-0000-000000000001','aaaaaaaa-0000-0000-0000-000000000002', 3,4,2),
  ('33333333-0000-0000-0000-000000000001','aaaaaaaa-0000-0000-0000-000000000002', 4,4,1),
  ('33333333-0000-0000-0000-000000000001','aaaaaaaa-0000-0000-0000-000000000002', 5,6,2),
  ('33333333-0000-0000-0000-000000000001','aaaaaaaa-0000-0000-0000-000000000002', 6,3,1),
  ('33333333-0000-0000-0000-000000000001','aaaaaaaa-0000-0000-0000-000000000002', 7,5,2),
  ('33333333-0000-0000-0000-000000000001','aaaaaaaa-0000-0000-0000-000000000002', 8,6,2),
  ('33333333-0000-0000-0000-000000000001','aaaaaaaa-0000-0000-0000-000000000002', 9,5,2),
  ('33333333-0000-0000-0000-000000000001','aaaaaaaa-0000-0000-0000-000000000002',10,5,2),
  ('33333333-0000-0000-0000-000000000001','aaaaaaaa-0000-0000-0000-000000000002',11,5,2),
  ('33333333-0000-0000-0000-000000000001','aaaaaaaa-0000-0000-0000-000000000002',12,4,2),
  ('33333333-0000-0000-0000-000000000001','aaaaaaaa-0000-0000-0000-000000000002',13,6,2),
  ('33333333-0000-0000-0000-000000000001','aaaaaaaa-0000-0000-0000-000000000002',14,4,1),
  ('33333333-0000-0000-0000-000000000001','aaaaaaaa-0000-0000-0000-000000000002',15,4,2)
ON CONFLICT (event_id, player_id, hole_number) DO NOTHING;

-- Bob (Flight B, CH=22, target ~+22 gross)
INSERT INTO scores (event_id, player_id, hole_number, gross_score, putts) VALUES
  ('33333333-0000-0000-0000-000000000001','aaaaaaaa-0000-0000-0000-000000000003', 1,5,2),
  ('33333333-0000-0000-0000-000000000001','aaaaaaaa-0000-0000-0000-000000000003', 2,5,2),
  ('33333333-0000-0000-0000-000000000001','aaaaaaaa-0000-0000-0000-000000000003', 3,4,2),
  ('33333333-0000-0000-0000-000000000001','aaaaaaaa-0000-0000-0000-000000000003', 4,5,2),
  ('33333333-0000-0000-0000-000000000001','aaaaaaaa-0000-0000-0000-000000000003', 5,6,3),
  ('33333333-0000-0000-0000-000000000001','aaaaaaaa-0000-0000-0000-000000000003', 6,4,2),
  ('33333333-0000-0000-0000-000000000001','aaaaaaaa-0000-0000-0000-000000000003', 7,5,2),
  ('33333333-0000-0000-0000-000000000001','aaaaaaaa-0000-0000-0000-000000000003', 8,6,2),
  ('33333333-0000-0000-0000-000000000001','aaaaaaaa-0000-0000-0000-000000000003', 9,5,2),
  ('33333333-0000-0000-0000-000000000001','aaaaaaaa-0000-0000-0000-000000000003',10,5,2),
  ('33333333-0000-0000-0000-000000000001','aaaaaaaa-0000-0000-0000-000000000003',11,5,2),
  ('33333333-0000-0000-0000-000000000001','aaaaaaaa-0000-0000-0000-000000000003',12,4,2),
  ('33333333-0000-0000-0000-000000000001','aaaaaaaa-0000-0000-0000-000000000003',13,7,3),
  ('33333333-0000-0000-0000-000000000001','aaaaaaaa-0000-0000-0000-000000000003',14,5,2),
  ('33333333-0000-0000-0000-000000000001','aaaaaaaa-0000-0000-0000-000000000003',15,4,1)
ON CONFLICT (event_id, player_id, hole_number) DO NOTHING;

-- Sarah (Flight B, CH=26, target ~+26 gross)
INSERT INTO scores (event_id, player_id, hole_number, gross_score, putts) VALUES
  ('33333333-0000-0000-0000-000000000001','aaaaaaaa-0000-0000-0000-000000000004', 1,6,2),
  ('33333333-0000-0000-0000-000000000001','aaaaaaaa-0000-0000-0000-000000000004', 2,5,2),
  ('33333333-0000-0000-0000-000000000001','aaaaaaaa-0000-0000-0000-000000000004', 3,4,2),
  ('33333333-0000-0000-0000-000000000001','aaaaaaaa-0000-0000-0000-000000000004', 4,5,2),
  ('33333333-0000-0000-0000-000000000001','aaaaaaaa-0000-0000-0000-000000000004', 5,6,3),
  ('33333333-0000-0000-0000-000000000001','aaaaaaaa-0000-0000-0000-000000000004', 6,4,2),
  ('33333333-0000-0000-0000-000000000001','aaaaaaaa-0000-0000-0000-000000000004', 7,5,2),
  ('33333333-0000-0000-0000-000000000001','aaaaaaaa-0000-0000-0000-000000000004', 8,7,3),
  ('33333333-0000-0000-0000-000000000001','aaaaaaaa-0000-0000-0000-000000000004', 9,6,2),
  ('33333333-0000-0000-0000-000000000001','aaaaaaaa-0000-0000-0000-000000000004',10,5,2),
  ('33333333-0000-0000-0000-000000000001','aaaaaaaa-0000-0000-0000-000000000004',11,5,2),
  ('33333333-0000-0000-0000-000000000001','aaaaaaaa-0000-0000-0000-000000000004',12,4,2),
  ('33333333-0000-0000-0000-000000000001','aaaaaaaa-0000-0000-0000-000000000004',13,7,2),
  ('33333333-0000-0000-0000-000000000001','aaaaaaaa-0000-0000-0000-000000000004',14,5,2),
  ('33333333-0000-0000-0000-000000000001','aaaaaaaa-0000-0000-0000-000000000004',15,6,3)
ON CONFLICT (event_id, player_id, hole_number) DO NOTHING;

-- Mike (Flight A, CH=13, Group 2 — 12 holes entered)
INSERT INTO scores (event_id, player_id, hole_number, gross_score, putts) VALUES
  ('33333333-0000-0000-0000-000000000001','aaaaaaaa-0000-0000-0000-000000000005', 1,5,2),
  ('33333333-0000-0000-0000-000000000001','aaaaaaaa-0000-0000-0000-000000000005', 2,4,1),
  ('33333333-0000-0000-0000-000000000001','aaaaaaaa-0000-0000-0000-000000000005', 3,3,1),
  ('33333333-0000-0000-0000-000000000001','aaaaaaaa-0000-0000-0000-000000000005', 4,5,2),
  ('33333333-0000-0000-0000-000000000001','aaaaaaaa-0000-0000-0000-000000000005', 5,5,2),
  ('33333333-0000-0000-0000-000000000001','aaaaaaaa-0000-0000-0000-000000000005', 6,3,2),
  ('33333333-0000-0000-0000-000000000001','aaaaaaaa-0000-0000-0000-000000000005', 7,5,2),
  ('33333333-0000-0000-0000-000000000001','aaaaaaaa-0000-0000-0000-000000000005', 8,6,2),
  ('33333333-0000-0000-0000-000000000001','aaaaaaaa-0000-0000-0000-000000000005', 9,4,1),
  ('33333333-0000-0000-0000-000000000001','aaaaaaaa-0000-0000-0000-000000000005',10,4,2),
  ('33333333-0000-0000-0000-000000000001','aaaaaaaa-0000-0000-0000-000000000005',11,5,2),
  ('33333333-0000-0000-0000-000000000001','aaaaaaaa-0000-0000-0000-000000000005',12,3,1)
ON CONFLICT (event_id, player_id, hole_number) DO NOTHING;

-- Lisa (Flight A, CH=19, Group 2 — 12 holes)
INSERT INTO scores (event_id, player_id, hole_number, gross_score, putts) VALUES
  ('33333333-0000-0000-0000-000000000001','aaaaaaaa-0000-0000-0000-000000000006', 1,5,2),
  ('33333333-0000-0000-0000-000000000001','aaaaaaaa-0000-0000-0000-000000000006', 2,4,1),
  ('33333333-0000-0000-0000-000000000001','aaaaaaaa-0000-0000-0000-000000000006', 3,4,2),
  ('33333333-0000-0000-0000-000000000001','aaaaaaaa-0000-0000-0000-000000000006', 4,5,2),
  ('33333333-0000-0000-0000-000000000001','aaaaaaaa-0000-0000-0000-000000000006', 5,5,2),
  ('33333333-0000-0000-0000-000000000001','aaaaaaaa-0000-0000-0000-000000000006', 6,4,2),
  ('33333333-0000-0000-0000-000000000001','aaaaaaaa-0000-0000-0000-000000000006', 7,4,1),
  ('33333333-0000-0000-0000-000000000001','aaaaaaaa-0000-0000-0000-000000000006', 8,6,2),
  ('33333333-0000-0000-0000-000000000001','aaaaaaaa-0000-0000-0000-000000000006', 9,6,2),
  ('33333333-0000-0000-0000-000000000001','aaaaaaaa-0000-0000-0000-000000000006',10,5,2),
  ('33333333-0000-0000-0000-000000000001','aaaaaaaa-0000-0000-0000-000000000006',11,5,2),
  ('33333333-0000-0000-0000-000000000001','aaaaaaaa-0000-0000-0000-000000000006',12,4,2)
ON CONFLICT (event_id, player_id, hole_number) DO NOTHING;

-- Carlos (Flight B, CH=30, Group 2 — 12 holes)
INSERT INTO scores (event_id, player_id, hole_number, gross_score, putts) VALUES
  ('33333333-0000-0000-0000-000000000001','aaaaaaaa-0000-0000-0000-000000000007', 1,5,2),
  ('33333333-0000-0000-0000-000000000001','aaaaaaaa-0000-0000-0000-000000000007', 2,5,2),
  ('33333333-0000-0000-0000-000000000001','aaaaaaaa-0000-0000-0000-000000000007', 3,4,2),
  ('33333333-0000-0000-0000-000000000001','aaaaaaaa-0000-0000-0000-000000000007', 4,5,2),
  ('33333333-0000-0000-0000-000000000001','aaaaaaaa-0000-0000-0000-000000000007', 5,7,3),
  ('33333333-0000-0000-0000-000000000001','aaaaaaaa-0000-0000-0000-000000000007', 6,4,2),
  ('33333333-0000-0000-0000-000000000001','aaaaaaaa-0000-0000-0000-000000000007', 7,5,2),
  ('33333333-0000-0000-0000-000000000001','aaaaaaaa-0000-0000-0000-000000000007', 8,6,2),
  ('33333333-0000-0000-0000-000000000001','aaaaaaaa-0000-0000-0000-000000000007', 9,5,2),
  ('33333333-0000-0000-0000-000000000001','aaaaaaaa-0000-0000-0000-000000000007',10,5,2),
  ('33333333-0000-0000-0000-000000000001','aaaaaaaa-0000-0000-0000-000000000007',11,6,2),
  ('33333333-0000-0000-0000-000000000001','aaaaaaaa-0000-0000-0000-000000000007',12,4,2)
ON CONFLICT (event_id, player_id, hole_number) DO NOTHING;

-- Jen (Flight B, CH=34, Group 2 — 12 holes)
INSERT INTO scores (event_id, player_id, hole_number, gross_score, putts) VALUES
  ('33333333-0000-0000-0000-000000000001','aaaaaaaa-0000-0000-0000-000000000008', 1,6,2),
  ('33333333-0000-0000-0000-000000000001','aaaaaaaa-0000-0000-0000-000000000008', 2,6,3),
  ('33333333-0000-0000-0000-000000000001','aaaaaaaa-0000-0000-0000-000000000008', 3,4,2),
  ('33333333-0000-0000-0000-000000000001','aaaaaaaa-0000-0000-0000-000000000008', 4,6,2),
  ('33333333-0000-0000-0000-000000000001','aaaaaaaa-0000-0000-0000-000000000008', 5,6,2),
  ('33333333-0000-0000-0000-000000000001','aaaaaaaa-0000-0000-0000-000000000008', 6,5,2),
  ('33333333-0000-0000-0000-000000000001','aaaaaaaa-0000-0000-0000-000000000008', 7,5,2),
  ('33333333-0000-0000-0000-000000000001','aaaaaaaa-0000-0000-0000-000000000008', 8,7,3),
  ('33333333-0000-0000-0000-000000000001','aaaaaaaa-0000-0000-0000-000000000008', 9,5,2),
  ('33333333-0000-0000-0000-000000000001','aaaaaaaa-0000-0000-0000-000000000008',10,6,2),
  ('33333333-0000-0000-0000-000000000001','aaaaaaaa-0000-0000-0000-000000000008',11,6,2),
  ('33333333-0000-0000-0000-000000000001','aaaaaaaa-0000-0000-0000-000000000008',12,4,2)
ON CONFLICT (event_id, player_id, hole_number) DO NOTHING;
